layer,input,output
fc1,"[[[-0.4303745925426483, -1.6678532361984253, -0.954626739025116, -0.2958561182022095, 0.62919682264328, -0.012252424843609333, 0.9759905338287354, 0.4794856607913971, -1.0676476955413818, -0.8630464673042297]]]","[[-0.05824214965105057, -0.8746745586395264, -0.8314526081085205, 1.0392072200775146, 0.3328881561756134]]"
fc1,"[[[0.32790228724479675, -2.9851462841033936, -1.814328908920288, -0.7579496502876282, -0.648606538772583, 0.0004399484896566719, 0.9520469903945923, 2.058526039123535, -0.5809866786003113, -0.14710736274719238]]]","[[-1.172951340675354, -0.982616662979126, -0.7375187873840332, 1.162344217300415, 0.462667316198349]]"
fc1,"[[[-0.31101250648498535, 0.4905826151371002, -0.9827072620391846, 0.4693165421485901, 2.03387188911438, -2.1041300296783447, 1.16659677028656, 0.3603741228580475, -0.08422727137804031, 0.9896885752677917]]]","[[0.8142653703689575, -0.855315089225769, -0.5702955722808838, 0.8683307766914368, 1.2468218803405762]]"
fc1,"[[[0.9849947094917297, 1.231834053993225, 0.3009333312511444, 0.11777979135513306, 2.0895166397094727, 0.27521663904190063, -0.6680434346199036, 0.41537874937057495, 0.23957179486751556, -0.17342181503772736]]]","[[0.6684067249298096, -0.4027169644832611, 0.8898283243179321, 0.47168391942977905, 0.3924480378627777]]"
fc1,"[[[1.007792592048645, -0.14914116263389587, 0.32136020064353943, -0.8876067996025085, 1.2557438611984253, 1.5396500825881958, 0.47016364336013794, -0.6870496869087219, 2.0971927642822266, 1.4227957725524902]]]","[[-0.6422086954116821, -0.4490230083465576, 0.9485218524932861, -0.0035648345947265625, 0.05641454458236694]]"
fc1,"[[[-0.6127182245254517, -0.9779302477836609, 0.395227313041687, 0.08672008663415909, 0.6380632519721985, -0.06850428879261017, 0.7154009342193604, -0.886391282081604, -2.124559164047241, -1.7656543254852295]]]","[[0.5562435984611511, -0.5584185123443604, -1.0969709157943726, 0.9531411528587341, -0.2703102231025696]]"
fc1,"[[[0.7960104942321777, 0.11989279091358185, -1.748663306236267, -1.4078154563903809, -2.0874435901641846, 1.7526220083236694, 0.08140995353460312, 0.2206033617258072, -0.3711325526237488, 0.44549185037612915]]]","[[-1.6967496871948242, -0.20666609704494476, -0.32794758677482605, -0.9515302777290344, -0.6878541707992554]]"
fc1,"[[[1.5543993711471558, 0.01962457038462162, 0.14895878732204437, 1.5881375074386597, 0.3013964593410492, -0.41365835070610046, 1.5568091869354248, -1.0676013231277466, 0.9237722754478455, -2.150970220565796]]]","[[0.7924827337265015, 0.15390656888484955, -0.5305508375167847, 1.7325026988983154, 0.8498810529708862]]"
fc1,"[[[1.3616389036178589, -0.033405426889657974, 1.6818459033966064, 1.171575665473938, 1.2431049346923828, 0.3061075508594513, -1.530489444732666, 0.6344963312149048, 3.012606143951416, -0.18296149373054504]]]","[[0.30993708968162537, 0.9027594327926636, 1.6144721508026123, 1.1652472019195557, -0.061954155564308167]]"
fc1,"[[[0.4975985586643219, -0.37142297625541687, 1.9141879081726074, 0.7020587921142578, -1.1178258657455444, 1.6095916032791138, -0.9700078964233398, -2.174532175064087, 0.7768522500991821, 0.5263404846191406]]]","[[-0.8480201363563538, 1.1768301725387573, 0.1694309413433075, -0.17591142654418945, -1.889666199684143]]"
fc1,"[[[-0.2860027849674225, 0.7382938861846924, -0.5664978623390198, 0.6470188498497009, -0.6954195499420166, -1.1308764219284058, 0.639650821685791, -0.5460255146026611, 0.6597898602485657, 0.5879190564155579]]]","[[-0.029272839426994324, 0.42575603723526, -0.8048971891403198, 0.09977070987224579, -0.022388458251953125]]"
fc1,"[[[0.4461493194103241, 0.5753732323646545, -0.07767780125141144, -1.0466049909591675, 0.2827286720275879, 2.101938009262085, -1.2621909379959106, -0.9458935260772705, 0.12121108919382095, -1.2601361274719238]]]","[[-0.416716605424881, 0.05117857828736305, 0.6334677934646606, -0.4468519687652588, -0.67750084400177]]"
fc1,"[[[-1.4075168371200562, -1.0068683624267578, -1.4136520624160767, 1.1173017024993896, -1.912015676498413, 0.1074981763958931, -0.3089417517185211, 2.208059072494507, 0.5951668620109558, -1.4901741743087769]]]","[[-0.24301353096961975, 1.0037500858306885, -0.8290019035339355, 0.7658517956733704, -0.5903537273406982]]"
fc1,"[[[0.1911003291606903, 0.3807936906814575, -0.7392668724060059, -0.9653820395469666, -1.0336048603057861, -0.10120727121829987, -0.5843878984451294, -0.5452432036399841, -0.8052297830581665, 0.06431630253791809]]]","[[-0.7920868396759033, -0.04550931975245476, -0.4663340449333191, -0.5635280013084412, -0.4858224391937256]]"
fc1,"[[[-0.3733898401260376, 0.49998804926872253, -1.2265647649765015, 2.729480743408203, 1.302388072013855, 0.6242254376411438, 0.9582270979881287, -1.7495936155319214, -0.036992743611335754, -1.1850380897521973]]]","[[0.939105749130249, 0.36552608013153076, -0.9152958393096924, 1.18782639503479, 0.2171752154827118]]"
fc1,"[[[-0.4368551969528198, 0.011935858055949211, 1.4437768459320068, -1.2083488702774048, -0.5672855377197266, 0.09816247969865799, -0.248085618019104, -1.3896420001983643, -0.3583197295665741, 0.4248000979423523]]]","[[-0.44144418835639954, 0.08816264569759369, -0.2844407558441162, -0.5536509156227112, -1.1366044282913208]]"
fc1,"[[[0.4990027844905853, -0.5950677990913391, -0.629291832447052, -0.07264655083417892, -0.16962285339832306, -0.4251222014427185, 0.33571791648864746, 1.1487977504730225, 0.5798751711845398, -0.005491204094141722]]]","[[-0.3062284290790558, -0.2014635056257248, -0.1382700502872467, 0.7009393572807312, 0.33170560002326965]]"
fc1,"[[[0.961116373538971, -0.4090275168418884, -0.2212674915790558, 1.007201910018921, 1.459932804107666, -0.9720888137817383, 0.996512770652771, 0.8119978308677673, -3.36287522315979, 0.8846976161003113]]]","[[0.4360123574733734, -1.3414665460586548, -0.905522346496582, 1.1934340000152588, 0.3222539722919464]]"
fc1,"[[[0.5127855539321899, -2.184173107147217, 1.6446324586868286, 1.261298418045044, 1.387983798980713, -1.2695335149765015, 1.4478055238723755, 0.08617842942476273, 0.29996994137763977, 0.061554912477731705]]]","[[0.5980701446533203, -0.4100934565067291, -0.43271416425704956, 2.193026542663574, 0.4027600586414337]]"
fc1,"[[[0.9597997665405273, -0.4044845700263977, 0.5042358040809631, -1.2785718441009521, -0.1574379950761795, 0.10893235355615616, 0.04874661937355995, 0.973883330821991, -1.1537079811096191, -1.539069414138794]]]","[[-0.042703114449977875, -0.7042500972747803, -0.03706765174865723, 0.5290178656578064, -0.00411146879196167]]"
fc1,"[[[0.5772953629493713, -0.5088237524032593, -1.2743492126464844, -0.7051043510437012, 0.9149513840675354, 0.15405678749084473, -0.20756900310516357, 0.5483390688896179, -1.5123528242111206, 0.03995313122868538]]]","[[-0.4037483036518097, -1.0248693227767944, -0.17366859316825867, 0.35209760069847107, 0.3209291994571686]]"
fc1,"[[[-0.2772442698478699, -0.39659661054611206, -1.3789671659469604, -1.110084891319275, 1.146410346031189, -0.8357172608375549, -1.3974065780639648, -1.0892637968063354, -1.2711818218231201, 0.2181321233510971]]]","[[-0.5440911650657654, -0.6570873260498047, -0.25622838735580444, -0.1457645297050476, 0.2097940444946289]]"
fc1,"[[[0.028846871107816696, 0.677221417427063, 1.0318961143493652, 1.9531869888305664, 0.35357946157455444, -0.6986502408981323, -1.4168572425842285, -0.9871104955673218, -0.33853134512901306, -0.09193050116300583]]]","[[0.5119078159332275, 0.9861392974853516, -0.1456330120563507, 0.5744825601577759, -0.8242026567459106]]"
fc1,"[[[0.568657398223877, 0.33055248856544495, 1.5587587356567383, -0.5009651780128479, 0.35590407252311707, 0.26869508624076843, -0.7971121668815613, 1.1264829635620117, -0.1276891529560089, -0.07076192647218704]]]","[[0.1541287899017334, -0.05761415883898735, 0.6408742666244507, 0.23068639636039734, -0.6129010915756226]]"
fc1,"[[[1.1077474355697632, 0.7094002962112427, -0.08608824759721756, 0.9405750632286072, 0.544883668422699, -0.06338819116353989, 0.3811219036579132, -0.7856823205947876, 1.633040189743042, 1.3191554546356201]]]","[[-0.16297641396522522, 0.24264033138751984, 0.23361459374427795, 0.3615017533302307, 0.19661355018615723]]"
fc1,"[[[2.3516523838043213, -1.1230193376541138, 1.6962062120437622, -0.5263606309890747, -0.20801831781864166, -2.3068249225616455, 0.6494652628898621, -2.0214693546295166, -2.0223820209503174, 1.4985418319702148]]]","[[-0.7164738178253174, -0.8797832131385803, -0.820804238319397, 0.6644537448883057, 0.004854708909988403]]"
fc1,"[[[-0.5073016285896301, 0.0006107106455601752, 0.8740242719650269, 0.3908518850803375, -0.7476760745048523, 0.3797658681869507, -0.2606440782546997, -0.29736679792404175, -0.10454418510198593, 0.45527195930480957]]]","[[-0.2430141270160675, 0.5573251247406006, -0.34802424907684326, -0.04686039686203003, -1.1943942308425903]]"
fc1,"[[[-0.5017800331115723, -1.6127344369888306, 0.6834734082221985, 1.2678977251052856, 0.3655416965484619, -0.8069265484809875, -1.0399659872055054, 0.40907639265060425, -0.6315140724182129, 0.1572461724281311]]]","[[-0.015284605324268341, 0.38362953066825867, -0.3469177186489105, 1.1434340476989746, -0.6739560961723328]]"
fc1,"[[[-1.5956467390060425, -1.2765636444091797, -0.7351070046424866, 0.0262285266071558, 0.01075029093772173, 0.8835377097129822, -0.4331192672252655, -0.13853900134563446, 0.21065717935562134, -0.01763918623328209]]]","[[-0.5093633532524109, 0.24849943816661835, -0.4346219599246979, 0.17085741460323334, -0.7859264612197876]]"
fc1,"[[[1.7130111455917358, 0.07599297910928726, 1.3573843240737915, -0.8658755421638489, 0.9905235767364502, -0.4431772530078888, 0.18571972846984863, 1.4175678491592407, -1.7812119722366333, 1.1294301748275757]]]","[[0.009027756750583649, -1.2200394868850708, 0.35326191782951355, 0.4539807438850403, -0.014492541551589966]]"
fc1,"[[[-0.45713353157043457, -0.06971657276153564, 1.6919063329696655, 0.9413326978683472, 0.03660944104194641, 0.2378610074520111, 0.5672211050987244, -0.6783589720726013, 0.5401241183280945, -0.5373497009277344]]]","[[0.5682540535926819, 0.563047468662262, -0.33232584595680237, 0.69835364818573, -0.7967379093170166]]"
fc1,"[[[0.8154116868972778, 1.3579667806625366, -1.3377783298492432, 0.3941551744937897, 0.9374239444732666, -0.7009912133216858, 1.3732531070709229, -0.49080801010131836, -0.48281165957450867, 0.02324535883963108]]]","[[0.4780294597148895, -0.7084451913833618, -0.6299738883972168, 0.42667096853256226, 0.9660156965255737]]"
fc1,"[[[-2.0285823345184326, 0.40373358130455017, -1.0199151039123535, -1.8698055744171143, 0.4685184955596924, -2.2926807403564453, -0.4326428771018982, 0.20267117023468018, -1.2692108154296875, -1.437397837638855]]]","[[0.5541146993637085, -0.5927944183349609, -0.9580070972442627, -0.1677722930908203, 0.472680002450943]]"
fc1,"[[[-0.20898808538913727, -0.10770130157470703, -1.552257776260376, 1.3203704357147217, -0.48825594782829285, 0.22854812443256378, 0.2741428017616272, 1.1135450601577759, 0.8423003554344177, 0.6876930594444275]]]","[[-0.3608669936656952, 0.4129997789859772, -0.40460240840911865, 0.4989857077598572, -0.08855387568473816]]"
fc1,"[[[0.3757309913635254, 0.6799572706222534, -2.6883597373962402, 0.2580772638320923, -0.6427587270736694, 0.45459333062171936, 0.3565942943096161, -0.03435976058244705, -0.49715566635131836, 1.0276873111724854]]]","[[-0.8901178240776062, -0.22904260456562042, -0.7032219171524048, -0.3582262396812439, 0.08984747529029846]]"
fc1,"[[[-2.7277615070343018, 0.5991633534431458, -1.4181019067764282, -1.5055359601974487, -0.5361256003379822, -0.6007394790649414, -0.5925347805023193, -0.19019465148448944, -0.3691031038761139, 1.7315510511398315]]]","[[-0.6957601308822632, 0.021902667358517647, -0.8271031379699707, -1.4374399185180664, -0.8378908634185791]]"
fc1,"[[[-0.45169731974601746, 0.23655001819133759, -0.8071569800376892, -1.3746275901794434, 0.6560413241386414, -3.0366663932800293, 2.279663562774658, -2.0109267234802246, -0.5146135687828064, 2.1244444847106934]]]","[[-0.1395111382007599, -1.2415306568145752, -1.520639181137085, -0.1639953851699829, 1.0510849952697754]]"
fc1,"[[[-0.7542659044265747, -0.5461375117301941, 0.5390512347221375, -0.11716902256011963, 0.49262332916259766, 0.3951888382434845, 0.7018634080886841, -0.04738817363977432, -1.4353777170181274, 0.3195589482784271]]]","[[0.10857529193162918, -0.5104956030845642, -0.6614567637443542, 0.30607831478118896, -0.6801971197128296]]"
fc1,"[[[1.0132794380187988, 0.046640899032354355, 0.984044075012207, -0.30819183588027954, 0.5205448269844055, -1.2290563583374023, -0.7399585247039795, -0.010721562430262566, 1.539900779724121, -0.1665327250957489]]]","[[0.0686507299542427, 0.1920718401670456, 0.6001172065734863, 0.6438527703285217, 0.3403739631175995]]"
fc1,"[[[-0.38251572847366333, -1.1193151473999023, 1.2349069118499756, -0.09643620997667313, 0.448915958404541, 1.5009496212005615, 0.03767203167080879, -1.6122034788131714, -1.4282331466674805, 0.9720475077629089]]]","[[-0.5433815121650696, -0.2648664116859436, -0.3813057541847229, -0.004596322774887085, -1.451290488243103]]"
fc1,"[[[1.4934650659561157, 0.19420237839221954, -0.6001319885253906, 0.6852834820747375, -0.5302334427833557, 0.7921960949897766, 0.9955790638923645, -0.5309447646141052, -0.3732301592826843, -0.4132373034954071]]]","[[-0.3104170858860016, -0.15432237088680267, -0.49421438574790955, 0.5448526740074158, -0.004720598459243774]]"
fc1,"[[[-0.25821441411972046, 0.368869423866272, 0.9625665545463562, -1.0271679162979126, -1.1791402101516724, -1.5971710681915283, -0.7172885537147522, -0.5831210613250732, 0.2627018094062805, 0.27763813734054565]]]","[[-0.36860403418540955, 0.441250741481781, -0.34638339281082153, -0.3949955105781555, -0.6030389070510864]]"
fc1,"[[[1.3166359663009644, -1.474582552909851, 0.9601733088493347, 0.6983190774917603, -0.5123916864395142, 1.2161873579025269, 1.0681565999984741, -0.8572726249694824, -1.1304880380630493, 0.4616543650627136]]]","[[-0.6816021800041199, -0.2786684036254883, -0.5822245478630066, 0.816143810749054, -0.8633867502212524]]"
fc1,"[[[-1.1842321157455444, -1.6341817378997803, -0.37141597270965576, 0.1640501320362091, -0.211818665266037, -1.6842654943466187, 1.0426025390625, -0.11374274641275406, 0.2055508941411972, 0.6719688177108765]]]","[[-0.22822454571723938, -0.11826504021883011, -1.196293830871582, 0.8123245239257812, 0.08955785632133484]]"
fc1,"[[[-2.0251548290252686, 1.229308009147644, -1.2513500452041626, 0.40217745304107666, 0.37038570642471313, 0.3055489957332611, 0.7403823733329773, -0.4081674814224243, 0.9558817148208618, 1.022143006324768]]]","[[0.22837767004966736, 0.29580870270729065, -0.6338965892791748, -0.494834840297699, -0.32273703813552856]]"
fc1,"[[[-1.3509352207183838, 0.20642872154712677, 0.6355113983154297, -0.1563599407672882, -2.5583600997924805, 0.9997689723968506, -1.108396291732788, -2.9002668857574463, -0.20547597110271454, -1.213014841079712]]]","[[-0.7809069156646729, 1.488771677017212, -0.9872268438339233, -0.9584680199623108, -2.1212363243103027]]"
fc1,"[[[-0.303459107875824, -1.1078311204910278, 1.200744867324829, -0.1825132817029953, -0.23152689635753632, -0.4993152320384979, -0.8610965013504028, 0.46706005930900574, 0.3442140519618988, 0.21785926818847656]]]","[[-0.3088723123073578, 0.33074241876602173, 0.06359535455703735, 0.48398828506469727, -0.741933286190033]]"
fc1,"[[[0.3327658474445343, -1.8374104499816895, -1.1608421802520752, 0.8483501076698303, -0.0424317792057991, 0.8877421617507935, -0.008450108580291271, 1.199212670326233, -0.11489714682102203, 2.519981861114502]]]","[[-1.3307545185089111, -0.23906613886356354, -0.15197186172008514, 0.5257697701454163, -0.5348342657089233]]"
fc1,"[[[-0.053203362971544266, -0.07683897018432617, -0.15679499506950378, -0.8467395901679993, 1.719085693359375, -0.88496333360672, 0.03803316503763199, -1.9376659393310547, 0.3201131820678711, 0.01602153666317463]]]","[[0.1188628152012825, -0.5884249210357666, -0.12042710185050964, 0.2778582274913788, 0.5831308364868164]]"
fc1,"[[[-0.4289170205593109, 0.35341474413871765, 0.3473919928073883, 0.9712148904800415, 0.2817420959472656, 0.31724023818969727, -0.8506034016609192, -0.8703609108924866, 1.9841821193695068, 2.4439971446990967]]]","[[-0.5548022389411926, 0.908614993095398, 0.39234480261802673, -0.2727687358856201, -0.8920660018920898]]"
fc1,"[[[-0.8304245471954346, -1.4275230169296265, -1.0319428443908691, 0.5443485975265503, -0.01771576516330242, -0.45366156101226807, -0.24204356968402863, 2.090009927749634, -0.650844156742096, -0.7238543033599854]]]","[[-0.013317041099071503, -0.10525824129581451, -0.5707148313522339, 1.0866038799285889, -0.02376607060432434]]"
fc1,"[[[1.0537041425704956, 0.43948131799697876, -0.6394920349121094, 1.059446096420288, -0.14347679913043976, 0.037480469793081284, 1.098197102546692, -0.5381270051002502, 2.1590561866760254, -0.7295830249786377]]]","[[0.129376620054245, 0.41777369379997253, -0.1370072215795517, 0.889151394367218, 0.6294865608215332]]"
fc1,"[[[0.47965648770332336, 0.8165384531021118, -0.4786234498023987, -0.3589840531349182, 1.70417320728302, -0.701579749584198, -1.6837409734725952, 0.5604304075241089, -1.1845147609710693, 1.6739062070846558]]]","[[-0.16152778267860413, -0.6135603785514832, 0.5272645950317383, -0.19326001405715942, 0.027288824319839478]]"
fc1,"[[[0.8296583294868469, 0.4293672740459442, -0.8718900084495544, -2.213371515274048, -2.331221342086792, 0.2104625105857849, -0.21256209909915924, 0.9729706645011902, 1.0598169565200806, 1.9798215627670288]]]","[[-1.8755133152008057, -0.05095292255282402, 0.15721258521080017, -1.2994396686553955, -0.5225761532783508]]"
fc1,"[[[-0.43727290630340576, -1.2103666067123413, 0.43199002742767334, -0.07351956516504288, -0.2563490867614746, -2.2707366943359375, 0.535804808139801, -0.24233253300189972, -0.1575205773115158, 0.7182145714759827]]]","[[-0.1667475402355194, -0.12714160978794098, -0.9500632286071777, 0.7353734970092773, 0.055686771869659424]]"
fc1,"[[[-0.39687296748161316, -0.3395748734474182, -0.3650783896446228, -0.9135716557502747, -1.5590404272079468, -1.314821481704712, -0.2930244505405426, 0.3709529638290405, 0.42290595173835754, -0.30767732858657837]]]","[[-0.5943823456764221, 0.31032896041870117, -0.6074787378311157, -0.04502496123313904, -0.21303705871105194]]"
fc1,"[[[-0.5813804268836975, -1.2649643421173096, 0.048347216099500656, 2.178595781326294, 0.6790208220481873, 0.4036030173301697, -2.343419075012207, -0.31404730677604675, -0.059554290026426315, 0.5510652661323547]]]","[[-0.33009329438209534, 1.0201095342636108, 0.13674336671829224, 0.8205002546310425, -1.1449099779129028]]"
fc1,"[[[0.4803774356842041, 0.25525403022766113, -1.0554473400115967, 0.4955090582370758, 0.7193149924278259, -1.082041621208191, -0.8734195232391357, 0.7159944176673889, -0.8279644846916199, 1.1532888412475586]]]","[[-0.21851998567581177, -0.2847861051559448, -0.11161499470472336, 0.3330683708190918, 0.22056862711906433]]"
fc1,"[[[-0.87314373254776, 0.33815690875053406, -0.7201457619667053, 0.015074199996888638, 0.5518982410430908, -0.7223249673843384, -1.4269871711730957, -0.5814948081970215, 0.9434787631034851, -0.25973111391067505]]]","[[-0.009372822940349579, 0.5122779607772827, 0.04908251762390137, 0.020204603672027588, -0.05567753314971924]]"
fc1,"[[[-0.5491915941238403, -0.5501012802124023, -0.6566994786262512, 0.27263110876083374, 0.5452316403388977, 1.2041469812393188, -1.1465044021606445, -0.21300919353961945, -1.0993714332580566, 0.05907135829329491]]]","[[-0.4286685287952423, -0.014163261279463768, -0.11998752504587173, 0.074960857629776, -0.8452836275100708]]"
fc1,"[[[0.6513417363166809, -0.38053086400032043, -0.7144489288330078, 0.4306187033653259, 0.21759623289108276, 0.854529857635498, 2.2600502967834473, -0.8741035461425781, 0.3473484516143799, -0.3318040072917938]]]","[[-0.04581200331449509, -0.5175826549530029, -0.7437564134597778, 0.8015027642250061, 0.38957783579826355]]"
fc1,"[[[2.562854290008545, 2.0341532230377197, 0.306043803691864, 1.2311276197433472, 3.000417709350586, -1.6862926483154297, 1.5608927011489868, 0.1608956903219223, 0.7456119656562805, 0.31472983956336975]]]","[[1.558605432510376, -0.9733151793479919, 0.49474677443504333, 1.50553297996521, 1.9888558387756348]]"
fc1,"[[[-0.8024771213531494, -0.9070543050765991, -1.14054536819458, -0.5023139715194702, 0.26986005902290344, 0.18955224752426147, -1.5215178728103638, 1.1687593460083008, 0.841058611869812, -1.578154444694519]]]","[[-0.22037935256958008, 0.23718921840190887, 0.27786603569984436, 0.518627405166626, 0.039727598428726196]]"
fc1,"[[[0.8139724135398865, -0.2370770126581192, -2.056941509246826, -1.1305996179580688, -0.6298691630363464, -0.3962159752845764, 1.0325974225997925, 0.5595667362213135, -1.202873706817627, -0.05505435913801193]]]","[[-0.7543711066246033, -1.0365389585494995, -0.861351728439331, 0.10714884102344513, 0.6428765058517456]]"
fc1,"[[[0.17336010932922363, 0.133264422416687, 1.0324692726135254, -1.6866379976272583, 0.9089137315750122, -0.17164196074008942, -0.0745902881026268, 0.03588980436325073, 0.8894986510276794, 0.3117441236972809]]]","[[-0.04143892973661423, -0.5032079219818115, 0.5680568218231201, -0.05229592323303223, 0.035157710313797]]"
fc1,"[[[-0.35169661045074463, -0.1084921732544899, 2.098924160003662, 0.9910804629325867, 0.6072177290916443, -0.5858199000358582, 0.26770704984664917, -1.511340856552124, 1.2225590944290161, 0.5377703309059143]]]","[[0.4834229648113251, 0.6443036794662476, -0.12096947431564331, 0.6582125425338745, -0.6437909007072449]]"
fc1,"[[[-1.990252137184143, -1.1114619970321655, 1.5022224187850952, -1.3545196056365967, 1.0866985321044922, -0.11321845650672913, 0.9407819509506226, -0.3493811786174774, 1.2617146968841553, 1.4029877185821533]]]","[[0.022044338285923004, -0.36434006690979004, -0.10516379773616791, 0.020251154899597168, -0.5619271993637085]]"
fc1,"[[[0.5154309868812561, 0.3168399930000305, 1.193257451057434, -0.24405567348003387, 0.43424952030181885, -0.302243173122406, -1.6009714603424072, -0.5057189464569092, 0.5324251055717468, 0.4822746813297272]]]","[[-0.21009384095668793, 0.37713780999183655, 0.6352064609527588, -0.010381042957305908, -0.5983773469924927]]"
fc1,"[[[0.5652335286140442, 0.053394921123981476, 0.7986888289451599, -1.294265866279602, -1.10267972946167, 0.3569469451904297, 0.29859668016433716, -0.1283922642469406, -1.4138790369033813, -0.003864920698106289]]]","[[-0.5689414143562317, -0.40668103098869324, -0.44498303532600403, -0.33898264169692993, -0.8337348699569702]]"
fc1,"[[[-0.33878961205482483, -0.5536326169967651, 2.504312038421631, 0.5530546307563782, 0.7786093950271606, 1.7800877094268799, -0.7871853709220886, 0.293323814868927, -0.0595206655561924, 1.972562551498413]]]","[[-0.22641947865486145, 0.3027387261390686, 0.692772388458252, 0.05879053473472595, -1.8722214698791504]]"
fc1,"[[[-0.18251419067382812, -1.8615496158599854, -0.7762134671211243, -0.5306514501571655, -1.785941243171692, 1.057408332824707, -0.31378379464149475, 0.2018938809633255, 0.46567845344543457, -0.5019378662109375]]]","[[-1.3660829067230225, 0.36415496468544006, -0.44241514801979065, 0.18349924683570862, -0.8244403600692749]]"
fc1,"[[[-0.034463945776224136, -1.037169337272644, 0.3193284273147583, 1.0702838897705078, -0.3530435264110565, 0.858548104763031, -0.9672633409500122, -2.6292195320129395, 0.7283822894096375, -0.052225030958652496]]]","[[-0.7380316257476807, 0.9689869284629822, -0.2728399634361267, 0.3195861279964447, -1.0789481401443481]]"
fc1,"[[[0.8710202574729919, -0.42994171380996704, -0.814134418964386, -0.7358246445655823, -2.3232316970825195, -1.235316276550293, -0.15858209133148193, -0.17474378645420074, -0.441567063331604, 1.3596991300582886]]]","[[-1.5317950248718262, 0.10233508050441742, -0.8329418897628784, -0.3944489359855652, -0.41638901829719543]]"
fc1,"[[[1.5019725561141968, -0.07153485715389252, 1.3690917491912842, 0.40012574195861816, 1.5902529954910278, -0.177389994263649, 0.6042318940162659, 0.25529345870018005, 1.3731292486190796, 0.9010602235794067]]]","[[0.31992360949516296, -0.3613467216491699, 0.7337977886199951, 1.0460660457611084, 0.4172922670841217]]"
fc1,"[[[0.9258531928062439, -1.3296267986297607, 0.43890777230262756, -0.9629559516906738, -2.3943493366241455, 0.1944035440683365, 3.1422433853149414, -1.6190133094787598, 0.07777008414268494, 0.9061500430107117]]]","[[-1.2783116102218628, -0.4496513903141022, -1.4945935010910034, 0.08888989686965942, -0.4456508457660675]]"
fc1,"[[[0.6299420595169067, 1.4581022262573242, 0.09182530641555786, -1.8374680280685425, -1.070392370223999, -0.4762474596500397, -0.9045243263244629, 0.6544307470321655, -2.239492893218994, 0.5575993061065674]]]","[[-0.5835663676261902, -0.5197293758392334, -0.206454336643219, -1.0809738636016846, -0.7098816633224487]]"
fc1,"[[[-0.23203954100608826, -1.1961157321929932, 0.24808885157108307, 1.4175612926483154, 0.7287382483482361, -1.6060543060302734, 0.7874570488929749, -1.2801512479782104, -1.3553138971328735, 0.2899683117866516]]]","[[0.32397589087486267, -0.2150210291147232, -1.278254747390747, 1.2819607257843018, 0.016136497259140015]]"
fc1,"[[[-0.09116185456514359, -2.100917339324951, 0.5357924699783325, -0.6037158370018005, 0.012764859944581985, 1.1214402914047241, -1.024641752243042, -1.6816710233688354, 0.023365825414657593, 0.16476759314537048]]]","[[-1.150293231010437, 0.10241712629795074, 0.002400025725364685, 0.19807779788970947, -1.0455011129379272]]"
fc1,"[[[0.24805687367916107, 0.619217038154602, 0.35304585099220276, -0.27953362464904785, -1.0815707445144653, 0.3319689929485321, -0.4626387357711792, -0.3227663040161133, 0.20096048712730408, 0.14650945365428925]]]","[[-0.48316702246665955, 0.4567948579788208, -0.10661119967699051, -0.36761075258255005, -0.8316987752914429]]"
fc1,"[[[-0.07733429223299026, 0.31065794825553894, -0.8031463623046875, 1.114327073097229, 1.6343730688095093, -0.7190966606140137, -0.23252612352371216, 1.0507429838180542, -2.13494873046875, 0.8858534097671509]]]","[[0.5002386569976807, -0.6757971048355103, -0.4305981397628784, 0.701806366443634, 0.1314086616039276]]"
fc1,"[[[0.007915766909718513, 0.9905761480331421, 0.7992826700210571, -0.1965477019548416, 1.1259042024612427, -0.8407323360443115, -0.00896398350596428, 1.4496138095855713, 0.9935691356658936, 0.01665773056447506]]]","[[0.8037712574005127, -0.1367773860692978, 0.5107189416885376, 0.488974004983902, 0.3314867317676544]]"
fc1,"[[[1.624253511428833, 0.40703386068344116, 1.9306004047393799, 1.1301178932189941, -2.169257164001465, -0.062230635434389114, -0.792270839214325, -0.4584823250770569, -1.0196079015731812, 1.242661476135254]]]","[[-0.7757912874221802, 0.9284639358520508, -0.2873293161392212, -0.07653304934501648, -1.717751383781433]]"
fc1,"[[[0.7815659046173096, -3.7613465785980225, 0.07090171426534653, -0.42065396904945374, -0.31228378415107727, -0.9079991579055786, 0.08584126830101013, 0.36874938011169434, 0.9946771264076233, 0.15539775788784027]]]","[[-1.2270309925079346, -0.2952198088169098, -0.22102752327919006, 1.5660700798034668, 0.274309903383255]]"
fc1,"[[[-0.2202782779932022, 1.202553391456604, -0.07082613557577133, 0.5228633284568787, 0.3481184244155884, -1.6438580751419067, -0.23140333592891693, 1.1482176780700684, -1.606168508529663, -0.30523285269737244]]]","[[0.8197250366210938, -0.17300032079219818, -0.5900654792785645, 0.42086508870124817, 0.0667971670627594]]"
fc1,"[[[-0.19986115396022797, -1.1523287296295166, -0.7594296336174011, -1.1452984809875488, 0.85594642162323, -0.7353566884994507, 0.6465582251548767, 1.9268476963043213, -0.8666873574256897, 0.13772602379322052]]]","[[-0.09616191685199738, -1.2079344987869263, -0.3140948414802551, 0.7263545393943787, 0.5930253267288208]]"
fc1,"[[[-0.4461517035961151, -0.34337007999420166, 0.4148278832435608, 0.7450674176216125, 0.6107366681098938, -0.39577117562294006, 0.7726109623908997, -0.23932324349880219, -0.1442478597164154, -0.7944173216819763]]]","[[0.6297991275787354, -0.03212342783808708, -0.6110641956329346, 0.9800267815589905, -0.027393996715545654]]"
fc1,"[[[1.2261993885040283, -0.21559855341911316, -0.2591281831264496, -0.4140508472919464, 1.0054315328598022, 1.2160965204238892, 2.19877290725708, -0.9764361381530762, 0.17688381671905518, -0.4829297363758087]]]","[[0.038854457437992096, -1.0339410305023193, -0.2591152787208557, 0.7192860841751099, 0.604633092880249]]"
fc1,"[[[0.6692103743553162, 0.9548502564430237, 0.1334352195262909, 0.48116907477378845, -1.4979921579360962, -0.19177064299583435, -0.4614828824996948, -0.23175323009490967, 0.5134814381599426, 2.1049442291259766]]]","[[-0.9111417531967163, 0.7129612565040588, -0.14515981078147888, -0.5939916968345642, -0.954687237739563]]"
fc1,"[[[-0.6803297996520996, 1.0013673305511475, 0.09243976324796677, -1.9342937469482422, -0.01478403341025114, 0.8610039353370667, 0.6807705760002136, 1.381452202796936, 0.20272314548492432, -0.2890898585319519]]]","[[0.10747287422418594, -0.582782506942749, 0.13664588332176208, -0.5662491917610168, -0.2539590895175934]]"
fc1,"[[[-0.261931836605072, 0.44867032766342163, -1.3615802526474, -0.965872585773468, -1.0952191352844238, 0.11286568641662598, 0.5480186939239502, -1.1785039901733398, -0.030896497890353203, -1.2472827434539795]]]","[[-0.42904341220855713, -0.030072851106524467, -0.8859193325042725, -0.32844239473342896, 0.0024385154247283936]]"
fc1,"[[[-0.4199151396751404, -0.6147571206092834, -0.1607314944267273, 0.8209061026573181, -1.5837194919586182, 2.8984951972961426, -0.43647706508636475, -1.1370768547058105, 0.4492124617099762, 1.1401262283325195]]]","[[-1.3961505889892578, 0.9800560474395752, -0.24859297275543213, -0.5610262751579285, -2.024413824081421]]"
fc1,"[[[0.8921045064926147, -0.5438079833984375, -0.23881226778030396, 0.17267544567584991, 0.2373036891222, 1.4994618892669678, -0.8154542446136475, 1.075434923171997, -1.3276971578598022, -1.7039178609848022]]]","[[-0.09088125079870224, -0.2653864026069641, 0.19317001104354858, 0.7631135582923889, -0.40592482686042786]]"
fc1,"[[[0.8905906677246094, -0.3901170492172241, 0.5688081383705139, -2.191493272781372, -0.2691646218299866, 1.4487392902374268, -0.5035508275032043, 0.7182146310806274, -1.0958671569824219, -1.4961504936218262]]]","[[-0.521099328994751, -0.7526081204414368, 0.3953864872455597, -0.10557404160499573, -0.5081539750099182]]"
fc1,"[[[-0.9554358720779419, 1.1149423122406006, -1.0739071369171143, 0.6771539449691772, 1.1089318990707397, -0.47624748945236206, -0.5479732155799866, -0.7031263709068298, -0.1753459870815277, 0.1983412355184555]]]","[[0.4290143549442291, 0.14000441133975983, -0.36386799812316895, -0.005541861057281494, 0.01089322566986084]]"
fc1,"[[[1.3053910732269287, 0.24490569531917572, -0.008194458670914173, -0.09429871290922165, 0.4354178011417389, -0.4264463484287262, 1.5487076044082642, -1.153294563293457, -0.6032670140266418, 0.13626332581043243]]]","[[0.03615383058786392, -0.7560280561447144, -0.6133663654327393, 0.547360897064209, 0.4786241948604584]]"
fc1,"[[[1.8351213932037354, -1.5186973810195923, -0.0662773922085762, -0.8064513206481934, -0.045379094779491425, -1.1088238954544067, 1.0121715068817139, 1.0893044471740723, -0.7204993367195129, 0.5140221118927002]]]","[[-0.6479859352111816, -1.129217505455017, -0.31448298692703247, 1.060177206993103, 0.6932170391082764]]"
fc1,"[[[0.7354875206947327, 0.35117968916893005, 0.016115747392177582, 0.5856062173843384, 0.5910001993179321, 0.686305582523346, 1.0977205038070679, -1.5734957456588745, -0.4055364727973938, -1.2657207250595093]]]","[[0.4173261821269989, -0.24513407051563263, -0.5287691354751587, 0.7016074657440186, 0.10208240151405334]]"
fc1,"[[[0.17665697634220123, -0.3578129708766937, 2.357813835144043, -0.4460922181606293, -0.5522616505622864, 0.6609198451042175, 1.5813926458358765, 0.16507938504219055, 0.2019144743680954, -0.4996359646320343]]]","[[0.28391826152801514, -0.10410085320472717, -0.2661636173725128, 0.5321235656738281, -0.8009339570999146]]"
fc1,"[[[1.0680514574050903, 0.4547646939754486, -0.7428522706031799, 1.3099026679992676, -0.1784536987543106, 1.3869726657867432, -0.651767373085022, 1.1062052249908447, -0.6467834711074829, 1.9331586360931396]]]","[[-0.7631158828735352, 0.13473692536354065, 0.22487029433250427, -0.007048279047012329, -0.8347040414810181]]"
fc1,"[[[1.2342463731765747, -0.005039181560277939, -0.7570749521255493, 0.4487525224685669, -0.03436432033777237, -0.2529485821723938, 1.6060889959335327, -0.8561837077140808, -0.11590927094221115, -1.0854438543319702]]]","[[0.12063048034906387, -0.41942930221557617, -0.7916842699050903, 0.9500056505203247, 0.7073205709457397]]"
fc2,"[[[0.0, 0.0, 0.0, 1.0392072200775146, 0.3328881561756134]]]","[[-0.6006884574890137, -0.053192347288131714, 0.3159385323524475]]"
fc2,"[[[0.0, 0.0, 0.0, 1.162344217300415, 0.462667316198349]]]","[[-0.6632688045501709, -0.028183788061141968, 0.41601240634918213]]"
fc2,"[[[0.8142653703689575, 0.0, 0.0, 0.8683307766914368, 1.2468218803405762]]]","[[-1.257018804550171, 0.08499923348426819, 0.8948889970779419]]"
fc2,"[[[0.6684067249298096, 0.0, 0.8898283243179321, 0.47168391942977905, 0.3924480378627777]]]","[[-0.783077597618103, 0.3801133334636688, 0.6175858378410339]]"
fc2,"[[[0.0, 0.0, 0.9485218524932861, 0.0, 0.05641454458236694]]]","[[-0.35243749618530273, 0.03672108054161072, 0.08040425181388855]]"
fc2,"[[[0.5562435984611511, 0.0, 0.0, 0.9531411528587341, 0.0]]]","[[-0.6703689098358154, 0.1693958342075348, 0.34611499309539795]]"
fc2,"[[[0.0, 0.0, 0.0, 0.0, 0.0]]]","[[-0.3762964606285095, -0.35821232199668884, -0.22797465324401855]]"
fc2,"[[[0.7924827337265015, 0.15390656888484955, 0.0, 1.7325026988983154, 0.8498810529708862]]]","[[-1.157433271408081, 0.43820008635520935, 1.1325472593307495]]"
fc2,"[[[0.30993708968162537, 0.9027594327926636, 1.6144721508026123, 1.1652472019195557, 0.0]]]","[[-0.46144986152648926, 0.9761513471603394, 1.1751956939697266]]"
fc2,"[[[0.0, 1.1768301725387573, 0.1694309413433075, 0.0, 0.0]]]","[[-0.2952403426170349, -0.09719029068946838, 0.272177517414093]]"
fc2,"[[[0.0, 0.42575603723526, 0.0, 0.09977070987224579, 0.0]]]","[[-0.3587758243083954, -0.25652778148651123, -0.025903910398483276]]"
fc2,"[[[0.0, 0.05117857828736305, 0.6334677934646606, 0.0, 0.0]]]","[[-0.34218597412109375, -0.08158403635025024, -0.017354696989059448]]"
fc2,"[[[0.0, 1.0037500858306885, 0.0, 0.7658517956733704, 0.0]]]","[[-0.38184452056884766, 0.058213621377944946, 0.4591185450553894]]"
fc2,"[[[0.0, 0.0, 0.0, 0.0, 0.0]]]","[[-0.3762964606285095, -0.35821232199668884, -0.22797465324401855]]"
fc2,"[[[0.939105749130249, 0.36552608013153076, 0.0, 1.18782639503479, 0.2171752154827118]]]","[[-0.8994963765144348, 0.4242483675479889, 0.799072265625]]"
fc2,"[[[0.0, 0.08816264569759369, 0.0, 0.0, 0.0]]]","[[-0.37084418535232544, -0.3440357446670532, -0.19433453679084778]]"
fc2,"[[[0.0, 0.0, 0.0, 0.7009393572807312, 0.33170560002326965]]]","[[-0.5703487992286682, -0.1656871736049652, 0.18115758895874023]]"
fc2,"[[[0.4360123574733734, 0.0, 0.0, 1.1934340000152588, 0.3222539722919464]]]","[[-0.7746090292930603, 0.1642555296421051, 0.5263277292251587]]"
fc2,"[[[0.5980701446533203, 0.0, 0.0, 2.193026542663574, 0.4027600586414337]]]","[[-0.9561035633087158, 0.5484358072280884, 1.0119760036468506]]"
fc2,"[[[0.0, 0.0, 0.0, 0.5290178656578064, 0.0]]]","[[-0.4230078458786011, -0.18205349147319794, -0.01791977882385254]]"
fc2,"[[[0.0, 0.0, 0.0, 0.35209760069847107, 0.3209291994571686]]]","[[-0.5352530479431152, -0.28052058815956116, 0.03839462995529175]]"
fc2,"[[[0.0, 0.0, 0.0, 0.0, 0.2097940444946289]]]","[[-0.4598841369152069, -0.3840691149234772, -0.14523914456367493]]"
fc2,"[[[0.5119078159332275, 0.9861392974853516, 0.0, 0.5744825601577759, 0.0]]]","[[-0.5592164993286133, 0.18512120842933655, 0.5564497709274292]]"
fc2,"[[[0.1541287899017334, 0.0, 0.6408742666244507, 0.23068639636039734, 0.0]]]","[[-0.42352259159088135, 0.04839077591896057, 0.11115589737892151]]"
fc2,"[[[0.0, 0.24264033138751984, 0.23361459374427795, 0.3615017533302307, 0.19661355018615723]]]","[[-0.46013468503952026, -0.12406882643699646, 0.15615898370742798]]"
fc2,"[[[0.0, 0.0, 0.0, 0.6644537448883057, 0.004854708909988403]]]","[[-0.43690088391304016, -0.13755273818969727, 0.03777170181274414]]"
fc2,"[[[0.0, 0.5573251247406006, 0.0, 0.0, 0.0]]]","[[-0.3418295383453369, -0.26859432458877563, -0.015316799283027649]]"
fc2,"[[[0.0, 0.38362953066825867, 0.0, 1.1434340476989746, 0.0]]]","[[-0.4535348117351532, 0.08423003554344177, 0.3724249005317688]]"
fc2,"[[[0.0, 0.24849943816661835, 0.0, 0.17085741460323334, 0.0]]]","[[-0.3760148286819458, -0.2613593637943268, -0.06531339883804321]]"
fc2,"[[[0.009027756750583649, 0.0, 0.35326191782951355, 0.4539807438850403, 0.0]]]","[[-0.4025319218635559, -0.05395221710205078, 0.06202554702758789]]"
fc2,"[[[0.5682540535926819, 0.563047468662262, 0.0, 0.69835364818573, 0.0]]]","[[-0.617583155632019, 0.179630845785141, 0.4640129804611206]]"
fc2,"[[[0.4780294597148895, 0.0, 0.0, 0.42667096853256226, 0.9660156965255737]]]","[[-0.9792535901069641, -0.15453380346298218, 0.4905271530151367]]"
fc2,"[[[0.5541146993637085, 0.0, 0.0, 0.0, 0.472680002450943]]]","[[-0.773733377456665, -0.20705439150333405, 0.15331518650054932]]"
fc2,"[[[0.0, 0.4129997789859772, 0.0, 0.4989857077598572, 0.0]]]","[[-0.39481472969055176, -0.12564349174499512, 0.12774330377578735]]"
fc2,"[[[0.0, 0.0, 0.0, 0.0, 0.08984747529029846]]]","[[-0.4120941460132599, -0.3692858815193176, -0.1925419121980667]]"
fc2,"[[[0.0, 0.021902667358517647, 0.0, 0.0, 0.0]]]","[[-0.3749419152736664, -0.3546903729438782, -0.21961727738380432]]"
fc2,"[[[0.0, 0.0, 0.0, 0.0, 1.0510849952697754]]]","[[-0.7950774431228638, -0.4877569377422333, 0.18653690814971924]]"
fc2,"[[[0.10857529193162918, 0.0, 0.0, 0.30607831478118896, 0.0]]]","[[-0.44429612159729004, -0.21525706350803375, -0.06825569272041321]]"
fc2,"[[[0.0686507299542427, 0.1920718401670456, 0.6001172065734863, 0.6438527703285217, 0.3403739631175995]]]","[[-0.5534742474555969, 0.12533345818519592, 0.44037318229675293]]"
fc2,"[[[0.0, 0.0, 0.0, 0.0, 0.0]]]","[[-0.3762964606285095, -0.35821232199668884, -0.22797465324401855]]"
fc2,"[[[0.0, 0.0, 0.0, 0.5448526740074158, 0.0]]]","[[-0.4244060516357422, -0.1767806112766266, -0.01163230836391449]]"
fc2,"[[[0.0, 0.441250741481781, 0.0, 0.0, 0.0]]]","[[-0.3490079641342163, -0.2872591018676758, -0.05960714817047119]]"
fc2,"[[[0.0, 0.0, 0.0, 0.816143810749054, 0.0]]]","[[-0.4483606219291687, -0.08644276857376099, 0.09608811140060425]]"
fc2,"[[[0.0, 0.0, 0.0, 0.8123245239257812, 0.08955785632133484]]]","[[-0.48370566964149475, -0.09875243902206421, 0.12989011406898499]]"
fc2,"[[[0.22837767004966736, 0.29580870270729065, 0.0, 0.0, 0.0]]]","[[-0.44418632984161377, -0.22433608770370483, -0.034783244132995605]]"
fc2,"[[[0.0, 1.488771677017212, 0.0, 0.0, 0.0]]]","[[-0.2842256426811218, -0.11881749331951141, 0.34009408950805664]]"
fc2,"[[[0.0, 0.33074241876602173, 0.06359535455703735, 0.48398828506469727, 0.0]]]","[[-0.39547088742256165, -0.11691932380199432, 0.10958567261695862]]"
fc2,"[[[0.0, 0.0, 0.0, 0.5257697701454163, 0.0]]]","[[-0.4227210581302643, -0.18313507735729218, -0.019209474325180054]]"
fc2,"[[[0.1188628152012825, 0.0, 0.0, 0.2778582274913788, 0.5831308364868164]]]","[[-0.6780218482017517, -0.2926361858844757, 0.15412381291389465]]"
fc2,"[[[0.0, 0.908614993095398, 0.39234480261802673, 0.0, 0.0]]]","[[-0.3009381890296936, -0.04587128758430481, 0.23707911372184753]]"
fc2,"[[[0.0, 0.0, 0.0, 1.0866038799285889, 0.0]]]","[[-0.4722417891025543, 0.0036183297634124756, 0.20347854495048523]]"
fc2,"[[[0.129376620054245, 0.41777369379997253, 0.0, 0.889151394367218, 0.6294865608215332]]]","[[-0.7285984754562378, -0.023642033338546753, 0.5782356262207031]]"
fc2,"[[[0.0, 0.0, 0.5272645950317383, 0.0, 0.027288824319839478]]]","[[-0.36141178011894226, -0.138174906373024, -0.05815832316875458]]"
fc2,"[[[0.0, 0.0, 0.15721258521080017, 0.0, 0.0]]]","[[-0.3686164915561676, -0.2916017174720764, -0.18054991960525513]]"
fc2,"[[[0.0, 0.0, 0.0, 0.7353734970092773, 0.055686771869659424]]]","[[-0.46341586112976074, -0.120201975107193, 0.08597791194915771]]"
fc2,"[[[0.0, 0.31032896041870117, 0.0, 0.0, 0.0]]]","[[-0.357104629278183, -0.3083113431930542, -0.10956281423568726]]"
fc2,"[[[0.0, 1.0201095342636108, 0.13674336671829224, 0.8205002546310425, 0.0]]]","[[-0.3789781332015991, 0.13697955012321472, 0.5283098220825195]]"
fc2,"[[[0.0, 0.0, 0.0, 0.3330683708190918, 0.22056862711906433]]]","[[-0.4935864210128784, -0.2744878828525543, -0.008739978075027466]]"
fc2,"[[[0.0, 0.5122779607772827, 0.04908251762390137, 0.020204603672027588, 0.0]]]","[[-0.3440017104148865, -0.2483137845993042, -0.009676605463027954]]"
fc2,"[[[0.0, 0.0, 0.0, 0.074960857629776, 0.0]]]","[[-0.3829153776168823, -0.3332509398460388, -0.19821026921272278]]"
fc2,"[[[0.0, 0.0, 0.0, 0.8015027642250061, 0.38957783579826355]]]","[[-0.6022862792015076, -0.13933300971984863, 0.24391067028045654]]"
fc2,"[[[1.558605432510376, 0.0, 0.49474677443504333, 1.50553297996521, 1.9888558387756348]]]","[[-1.865654706954956, 0.6966575384140015, 1.8515610694885254]]"
fc2,"[[[0.0, 0.23718921840190887, 0.27786603569984436, 0.518627405166626, 0.039727598428726196]]]","[[-0.40967637300491333, -0.03453856706619263, 0.16794675588607788]]"
fc2,"[[[0.0, 0.0, 0.0, 0.10714884102344513, 0.6428765058517456]]]","[[-0.6418970823287964, -0.4017661511898041, 0.06809872388839722]]"
fc2,"[[[0.0, 0.0, 0.5680568218231201, 0.0, 0.035157710313797]]]","[[-0.3625542223453522, -0.12186117470264435, -0.04274973273277283]]"
fc2,"[[[0.4834229648113251, 0.6443036794662476, 0.0, 0.6582125425338745, 0.0]]]","[[-0.577000617980957, 0.14727023243904114, 0.44924426078796387]]"
fc2,"[[[0.022044338285923004, 0.0, 0.0, 0.020251154899597168, 0.0]]]","[[-0.38640356063842773, -0.3431376814842224, -0.21218065917491913]]"
fc2,"[[[0.0, 0.37713780999183655, 0.6352064609527588, 0.0, 0.0]]]","[[-0.32194259762763977, -0.02843305468559265, 0.10754561424255371]]"
fc2,"[[[0.0, 0.0, 0.0, 0.0, 0.0]]]","[[-0.3762964606285095, -0.35821232199668884, -0.22797465324401855]]"
fc2,"[[[0.0, 0.3027387261390686, 0.692772388458252, 0.05879053473472595, 0.0]]]","[[-0.32892265915870667, 0.0035708844661712646, 0.11986631155014038]]"
fc2,"[[[0.0, 0.36415496468544006, 0.0, 0.18349924683570862, 0.0]]]","[[-0.36997851729393005, -0.2385523021221161, -0.016163229942321777]]"
fc2,"[[[0.0, 0.9689869284629822, 0.0, 0.3195861279964447, 0.0]]]","[[-0.34458985924720764, -0.09597930312156677, 0.26865720748901367]]"
fc2,"[[[0.0, 0.10233508050441742, 0.0, 0.0, 0.0]]]","[[-0.3699676990509033, -0.34175682067871094, -0.1889267861843109]]"
fc2,"[[[0.31992360949516296, 0.0, 0.7337977886199951, 1.0460660457611084, 0.4172922670841217]]]","[[-0.7198070883750916, 0.37050506472587585, 0.6858218908309937]]"
fc2,"[[[0.0, 0.0, 0.0, 0.08888989686965942, 0.0]]]","[[-0.3841452896595001, -0.32861268520355225, -0.1926795244216919]]"
fc2,"[[[0.0, 0.0, 0.0, 0.0, 0.0]]]","[[-0.3762964606285095, -0.35821232199668884, -0.22797465324401855]]"
fc2,"[[[0.32397589087486267, 0.0, 0.0, 1.2819607257843018, 0.016136497259140015]]]","[[-0.6181806325912476, 0.1891210973262787, 0.40135353803634644]]"
fc2,"[[[0.0, 0.10241712629795074, 0.002400025725364685, 0.19807779788970947, 0.0]]]","[[-0.38733533024787903, -0.2747683823108673, -0.10952158272266388]]"
fc2,"[[[0.0, 0.4567948579788208, 0.0, 0.0, 0.0]]]","[[-0.3480466902256012, -0.28475961089134216, -0.05367600917816162]]"
fc2,"[[[0.5002386569976807, 0.0, 0.0, 0.701806366443634, 0.1314086616039276]]]","[[-0.6793984174728394, 0.04834163188934326, 0.278444766998291]]"
fc2,"[[[0.8037712574005127, 0.0, 0.5107189416885376, 0.488974004983902, 0.3314867317676544]]]","[[-0.829918384552002, 0.2839144170284271, 0.5336555242538452]]"
fc2,"[[[0.0, 0.9284639358520508, 0.0, 0.0, 0.0]]]","[[-0.3188770115375519, -0.2089150995016098, 0.126298189163208]]"
fc2,"[[[0.0, 0.0, 0.0, 1.5660700798034668, 0.274309903383255]]]","[[-0.6238704323768616, 0.12946853041648865, 0.502036452293396]]"
fc2,"[[[0.8197250366210938, 0.0, 0.0, 0.42086508870124817, 0.0667971670627594]]]","[[-0.7494145035743713, 0.08349624276161194, 0.25377485156059265]]"
fc2,"[[[0.0, 0.0, 0.0, 0.7263545393943787, 0.5930253267288208]]]","[[-0.6767098903656006, -0.18943136930465698, 0.2943045496940613]]"
fc2,"[[[0.6297991275787354, 0.0, 0.0, 0.9800267815589905, 0.0]]]","[[-0.7005007266998291, 0.2061472237110138, 0.3826597332954407]]"
fc2,"[[[0.038854457437992096, 0.0, 0.0, 0.7192860841751099, 0.604633092880249]]]","[[-0.6953732371330261, -0.17853158712387085, 0.30974066257476807]]"
fc2,"[[[0.0, 0.7129612565040588, 0.0, 0.0, 0.0]]]","[[-0.3322044610977173, -0.24356798827648163, 0.0440690815448761]]"
fc2,"[[[0.10747287422418594, 0.0, 0.13664588332176208, 0.0, 0.0]]]","[[-0.41017863154411316, -0.25969886779785156, -0.1489560455083847]]"
fc2,"[[[0.0, 0.0, 0.0, 0.0, 0.0024385154247283936]]]","[[-0.3772680461406708, -0.35851287841796875, -0.2270129919052124]]"
fc2,"[[[0.0, 0.9800560474395752, 0.0, 0.0, 0.0]]]","[[-0.3156863749027252, -0.20061908662319183, 0.14598411321640015]]"
fc2,"[[[0.0, 0.0, 0.19317001104354858, 0.7631135582923889, 0.0]]]","[[-0.4342416226863861, -0.022255778312683105, 0.13330325484275818]]"
fc2,"[[[0.0, 0.0, 0.3953864872455597, 0.0, 0.0]]]","[[-0.3569815158843994, -0.19068802893161774, -0.10870242118835449]]"
fc2,"[[[0.4290143549442291, 0.14000441133975983, 0.0, 0.0, 0.01089322566986084]]]","[[-0.5338769555091858, -0.17490597069263458, -0.019373804330825806]]"
fc2,"[[[0.03615383058786392, 0.0, 0.0, 0.547360897064209, 0.4786241948604584]]]","[[-0.6289680004119873, -0.2212715893983841, 0.19083166122436523]]"
fc2,"[[[0.0, 0.0, 0.0, 1.060177206993103, 0.6932170391082764]]]","[[-0.7461049556732178, -0.09061947464942932, 0.4663662314414978]]"
fc2,"[[[0.4173261821269989, 0.0, 0.0, 0.7016074657440186, 0.10208240151405334]]]","[[-0.6364074945449829, 0.020554959774017334, 0.23764032125473022]]"
fc2,"[[[0.28391826152801514, 0.0, 0.0, 0.5321235656738281, 0.0]]]","[[-0.5304253101348877, -0.07371887564659119, 0.08316698670387268]]"
fc2,"[[[0.0, 0.13473692536354065, 0.22487029433250427, 0.0, 0.0]]]","[[-0.35697877407073975, -0.24126958847045898, -0.10872891545295715]]"
fc2,"[[[0.12063048034906387, 0.0, 0.0, 0.9500056505203247, 0.7073205709457397]]]","[[-0.7875189781188965, -0.08345445990562439, 0.47060835361480713]]"
fc3,"[[[0.0, 0.0, 0.3159385323524475]]]",[[-0.10223915427923203]]
fc3,"[[[0.0, 0.0, 0.41601240634918213]]]",[[-0.08478567749261856]]
fc3,"[[[0.0, 0.08499923348426819, 0.8948889970779419]]]",[[-0.04189777374267578]]
fc3,"[[[0.0, 0.3801133334636688, 0.6175858378410339]]]",[[-0.23133042454719543]]
fc3,"[[[0.0, 0.03672108054161072, 0.08040425181388855]]]",[[-0.1608709990978241]]
fc3,"[[[0.0, 0.1693958342075348, 0.34611499309539795]]]",[[-0.1779501587152481]]
fc3,"[[[0.0, 0.0, 0.0]]]",[[-0.15734070539474487]]
fc3,"[[[0.0, 0.43820008635520935, 1.1325472593307495]]]",[[-0.16928450763225555]]
fc3,"[[[0.0, 0.9761513471603394, 1.1751956939697266]]]",[[-0.41899579763412476]]
fc3,"[[[0.0, 0.0, 0.272177517414093]]]",[[-0.10987133532762527]]
fc3,"[[[0.0, 0.0, 0.0]]]",[[-0.15734070539474487]]
fc3,"[[[0.0, 0.0, 0.0]]]",[[-0.15734070539474487]]
fc3,"[[[0.0, 0.058213621377944946, 0.4591185450553894]]]",[[-0.10509476810693741]]
fc3,"[[[0.0, 0.0, 0.0]]]",[[-0.15734070539474487]]
fc3,"[[[0.0, 0.4242483675479889, 0.799072265625]]]",[[-0.22077536582946777]]
fc3,"[[[0.0, 0.0, 0.0]]]",[[-0.15734070539474487]]
fc3,"[[[0.0, 0.0, 0.18115758895874023]]]",[[-0.1257457435131073]]
fc3,"[[[0.0, 0.1642555296421051, 0.5263277292251587]]]",[[-0.1440628468990326]]
fc3,"[[[0.0, 0.5484358072280884, 1.0119760036468506]]]",[[-0.24300730228424072]]
fc3,"[[[0.0, 0.0, 0.0]]]",[[-0.15734070539474487]]
fc3,"[[[0.0, 0.0, 0.03839462995529175]]]",[[-0.150644451379776]]
fc3,"[[[0.0, 0.0, 0.0]]]",[[-0.15734070539474487]]
fc3,"[[[0.0, 0.18512120842933655, 0.5564497709274292]]]",[[-0.14878350496292114]]
fc3,"[[[0.0, 0.04839077591896057, 0.11115589737892151]]]",[[-0.1610860377550125]]
fc3,"[[[0.0, 0.0, 0.15615898370742798]]]",[[-0.130105659365654]]
fc3,"[[[0.0, 0.0, 0.03777170181274414]]]",[[-0.15075309574604034]]
fc3,"[[[0.0, 0.0, 0.0]]]",[[-0.15734070539474487]]
fc3,"[[[0.0, 0.08423003554344177, 0.3724249005317688]]]",[[-0.1326509267091751]]
fc3,"[[[0.0, 0.0, 0.0]]]",[[-0.15734070539474487]]
fc3,"[[[0.0, 0.0, 0.06202554702758789]]]",[[-0.14652308821678162]]
fc3,"[[[0.0, 0.179630845785141, 0.4640129804611206]]]",[[-0.16228054463863373]]
fc3,"[[[0.0, 0.0, 0.4905271530151367]]]",[[-0.07178986817598343]]
fc3,"[[[0.0, 0.0, 0.15331518650054932]]]",[[-0.13060162961483002]]
fc3,"[[[0.0, 0.0, 0.12774330377578735]]]",[[-0.13506151735782623]]
fc3,"[[[0.0, 0.0, 0.0]]]",[[-0.15734070539474487]]
fc3,"[[[0.0, 0.0, 0.0]]]",[[-0.15734070539474487]]
fc3,"[[[0.0, 0.0, 0.18653690814971924]]]",[[-0.12480756640434265]]
fc3,"[[[0.0, 0.0, 0.0]]]",[[-0.15734070539474487]]
fc3,"[[[0.0, 0.12533345818519592, 0.44037318229675293]]]",[[-0.1404484361410141]]
fc3,"[[[0.0, 0.0, 0.0]]]",[[-0.15734070539474487]]
fc3,"[[[0.0, 0.0, 0.0]]]",[[-0.15734070539474487]]
fc3,"[[[0.0, 0.0, 0.0]]]",[[-0.15734070539474487]]
fc3,"[[[0.0, 0.0, 0.09608811140060425]]]",[[-0.1405823677778244]]
fc3,"[[[0.0, 0.0, 0.12989011406898499]]]",[[-0.13468709588050842]]
fc3,"[[[0.0, 0.0, 0.0]]]",[[-0.15734070539474487]]
fc3,"[[[0.0, 0.0, 0.34009408950805664]]]",[[-0.09802628308534622]]
fc3,"[[[0.0, 0.0, 0.10958567261695862]]]",[[-0.13822831213474274]]
fc3,"[[[0.0, 0.0, 0.0]]]",[[-0.15734070539474487]]
fc3,"[[[0.0, 0.0, 0.15412381291389465]]]",[[-0.13046060502529144]]
fc3,"[[[0.0, 0.0, 0.23707911372184753]]]",[[-0.1159927099943161]]
fc3,"[[[0.0, 0.0036183297634124756, 0.20347854495048523]]]",[[-0.12358245998620987]]
fc3,"[[[0.0, 0.0, 0.5782356262207031]]]",[[-0.056492991745471954]]
fc3,"[[[0.0, 0.0, 0.0]]]",[[-0.15734070539474487]]
fc3,"[[[0.0, 0.0, 0.0]]]",[[-0.15734070539474487]]
fc3,"[[[0.0, 0.0, 0.08597791194915771]]]",[[-0.14234565198421478]]
fc3,"[[[0.0, 0.0, 0.0]]]",[[-0.15734070539474487]]
fc3,"[[[0.0, 0.13697955012321472, 0.5283098220825195]]]",[[-0.13067878782749176]]
fc3,"[[[0.0, 0.0, 0.0]]]",[[-0.15734070539474487]]
fc3,"[[[0.0, 0.0, 0.0]]]",[[-0.15734070539474487]]
fc3,"[[[0.0, 0.0, 0.0]]]",[[-0.15734070539474487]]
fc3,"[[[0.0, 0.0, 0.24391067028045654]]]",[[-0.11480124294757843]]
fc3,"[[[0.0, 0.6966575384140015, 1.8515610694885254]]]",[[-0.1674310863018036]]
fc3,"[[[0.0, 0.0, 0.16794675588607788]]]",[[-0.1280497908592224]]
fc3,"[[[0.0, 0.0, 0.06809872388839722]]]",[[-0.14546388387680054]]
fc3,"[[[0.0, 0.0, 0.0]]]",[[-0.15734070539474487]]
fc3,"[[[0.0, 0.14727023243904114, 0.44924426078796387]]]",[[-0.1493874043226242]]
fc3,"[[[0.0, 0.0, 0.0]]]",[[-0.15734070539474487]]
fc3,"[[[0.0, 0.0, 0.10754561424255371]]]",[[-0.13858410716056824]]
fc3,"[[[0.0, 0.0, 0.0]]]",[[-0.15734070539474487]]
fc3,"[[[0.0, 0.0035708844661712646, 0.11986631155014038]]]",[[-0.13814225792884827]]
fc3,"[[[0.0, 0.0, 0.0]]]",[[-0.15734070539474487]]
fc3,"[[[0.0, 0.0, 0.26865720748901367]]]",[[-0.11048530042171478]]
fc3,"[[[0.0, 0.0, 0.0]]]",[[-0.15734070539474487]]
fc3,"[[[0.0, 0.37050506472587585, 0.6858218908309937]]]",[[-0.2148367315530777]]
fc3,"[[[0.0, 0.0, 0.0]]]",[[-0.15734070539474487]]
fc3,"[[[0.0, 0.0, 0.0]]]",[[-0.15734070539474487]]
fc3,"[[[0.0, 0.1891210973262787, 0.40135353803634644]]]",[[-0.17774522304534912]]
fc3,"[[[0.0, 0.0, 0.0]]]",[[-0.15734070539474487]]
fc3,"[[[0.0, 0.0, 0.0]]]",[[-0.15734070539474487]]
fc3,"[[[0.0, 0.04834163188934326, 0.278444766998291]]]",[[-0.13188637793064117]]
fc3,"[[[0.0, 0.2839144170284271, 0.5336555242538452]]]",[[-0.19998371601104736]]
fc3,"[[[0.0, 0.0, 0.126298189163208]]]",[[-0.13531355559825897]]
fc3,"[[[0.0, 0.12946853041648865, 0.502036452293396]]]",[[-0.13167062401771545]]
fc3,"[[[0.0, 0.08349624276161194, 0.25377485156059265]]]",[[-0.15299342572689056]]
fc3,"[[[0.0, 0.0, 0.2943045496940613]]]",[[-0.1060122549533844]]
fc3,"[[[0.0, 0.2061472237110138, 0.3826597332954407]]]",[[-0.1891442984342575]]
fc3,"[[[0.0, 0.0, 0.30974066257476807]]]",[[-0.10332009941339493]]
fc3,"[[[0.0, 0.0, 0.0440690815448761]]]",[[-0.1496547907590866]]
fc3,"[[[0.0, 0.0, 0.0]]]",[[-0.15734070539474487]]
fc3,"[[[0.0, 0.0, 0.0]]]",[[-0.15734070539474487]]
fc3,"[[[0.0, 0.0, 0.14598411321640015]]]",[[-0.13188020884990692]]
fc3,"[[[0.0, 0.0, 0.13330325484275818]]]",[[-0.1340918242931366]]
fc3,"[[[0.0, 0.0, 0.0]]]",[[-0.15734070539474487]]
fc3,"[[[0.0, 0.0, 0.0]]]",[[-0.15734070539474487]]
fc3,"[[[0.0, 0.0, 0.19083166122436523]]]",[[-0.12405852973461151]]
fc3,"[[[0.0, 0.0, 0.4663662314414978]]]",[[-0.07600367814302444]]
fc3,"[[[0.0, 0.020554959774017334, 0.23764032125473022]]]",[[-0.12572044134140015]]
fc3,"[[[0.0, 0.0, 0.08316698670387268]]]",[[-0.14283588528633118]]
fc3,"[[[0.0, 0.0, 0.0]]]",[[-0.15734070539474487]]
fc3,"[[[0.0, 0.0, 0.47060835361480713]]]",[[-0.07526382058858871]]
